"DESCRIPTION","DURATION IN MS","NAME","PARENT SUITE","START TIME","STATUS","STOP TIME","SUB SUITE","SUITE","TEST CLASS","TEST METHOD"
"","10036","personnel3","chromium","Sun Oct 19 02:13:50 GMT+07:00 2025","passed","Sun Oct 19 02:14:00 GMT+07:00 2025","","testpro.spec.js","",""
"","13536","login","chromium","Sun Oct 19 03:24:00 GMT+07:00 2025","passed","Sun Oct 19 03:24:13 GMT+07:00 2025","","testpro.spec.js","",""
"","10420","personnel2","chromium","Sun Oct 19 02:13:27 GMT+07:00 2025","passed","Sun Oct 19 02:13:38 GMT+07:00 2025","","testpro.spec.js","",""
"","11721","personnel1","chromium","Sun Oct 19 02:13:05 GMT+07:00 2025","passed","Sun Oct 19 02:13:17 GMT+07:00 2025","","testpro.spec.js","",""
"","9163","personnel5","chromium","Sun Oct 19 02:14:58 GMT+07:00 2025","passed","Sun Oct 19 02:15:07 GMT+07:00 2025","","testpro.spec.js","",""
"","9150","personnel7","chromium","Sun Oct 19 02:16:34 GMT+07:00 2025","passed","Sun Oct 19 02:16:43 GMT+07:00 2025","","testpro.spec.js","",""
"","4055","loginn","chromium","Sun Oct 19 03:24:36 GMT+07:00 2025","passed","Sun Oct 19 03:24:40 GMT+07:00 2025","","testpro.spec.js","",""
"","8571","personnel8","chromium","Sun Oct 19 02:17:02 GMT+07:00 2025","passed","Sun Oct 19 02:17:10 GMT+07:00 2025","","testpro.spec.js","",""
"","9267","personnel6","chromium","Sun Oct 19 02:15:18 GMT+07:00 2025","passed","Sun Oct 19 02:15:27 GMT+07:00 2025","","testpro.spec.js","",""
"","10705","personnel4","chromium","Sun Oct 19 02:14:11 GMT+07:00 2025","passed","Sun Oct 19 02:14:21 GMT+07:00 2025","","testpro.spec.js","",""
"","5669","login2","chromium","Sun Oct 19 02:12:35 GMT+07:00 2025","passed","Sun Oct 19 02:12:41 GMT+07:00 2025","","testpro.spec.js","",""
"","4726","login3","chromium","Sun Oct 19 02:12:50 GMT+07:00 2025","passed","Sun Oct 19 02:12:54 GMT+07:00 2025","","testpro.spec.js","",""
"","4746","login1","chromium","Sun Oct 19 02:12:13 GMT+07:00 2025","passed","Sun Oct 19 02:12:18 GMT+07:00 2025","","testpro.spec.js","",""
"","10184","personnel","chromium","Sun Oct 19 02:17:26 GMT+07:00 2025","passed","Sun Oct 19 02:17:36 GMT+07:00 2025","","testpro.spec.js","",""
